{
  "dominant_emotion": "happy",
  "emotion_scores": {
    "angry": 0.0065519437193870544,
    "disgust": 1.7378106065280008e-08,
    "fear": 18.851438522338867,
    "happy": 69.70185852050781,
    "neutral": 2.0135278701782227,
    "sad": 8.392104148864746,
    "surprise": 1.0345165729522705
  },
  "face_box": {
    "h": 978,
    "w": 735,
    "x": 0,
    "y": 0
  }
}